,City,Cloudiness,Date,Humidity,Lat,Lon,Max Temp,Temp,Wind
0,cape town,20,1533686400,93,-33.93,18.42,41,41,3.36
1,jamestown,88,1533690718,87,-33.21,138.6,50.6,50.6,15.9
2,rikitea,24,1533690718,100,-23.12,-134.97,73.55,73.55,7.25
3,pevek,80,1533690718,100,69.7,170.27,36.47,36.47,11.88
4,vilyuysk,80,1533690719,81,63.75,121.63,64.28,64.28,3.6
5,bluff,0,1533690719,30,-23.58,149.07,63.56,63.56,4.83
6,punta arenas,75,1533686400,93,-53.16,-70.91,35.6,35.6,8.05
7,colares,75,1533690000,82,38.8,-9.45,66.2,65.32,16.11
8,puerto ayora,20,1533686400,64,-0.74,-90.35,75.2,75.2,18.34
9,kruisfontein,32,1533690720,86,-34,24.73,54.47,54.47,19.71
10,nador,24,1533690000,74,35.17,-2.93,78.8,75.4,1.12
11,albany,75,1533689640,83,42.65,-73.75,75.2,72.99,6.93
12,khatanga,0,1533690722,91,71.98,102.47,51.23,51.23,4.27
13,hithadhoo,68,1533690722,100,-0.6,73.08,79.49,79.49,4.27
14,port hardy,20,1533690000,60,50.7,-127.42,69.8,69.8,8.05
15,bredasdorp,80,1533686400,93,-34.53,20.04,41,41,8.14
16,thompson,75,1533690000,93,55.74,-97.86,64.4,64.4,6.93
17,tessalit,48,1533690723,55,20.2,1.01,78.5,78.5,8.14
18,port elizabeth,1,1533689880,88,39.31,-74.98,84.2,81.88,8.37
19,amderma,NaN,NaN,NaN,NaN,NaN,NaN,NaN,NaN
20,dudinka,92,1533690465,71,69.41,86.18,52.85,52.85,16.08
21,salalah,90,1533685800,88,17.01,54.1,78.8,78.8,2.24
22,sisimiut,100,1533690725,92,66.94,-53.67,50.96,50.96,0.81
23,kaeo,92,1533690725,88,-35.1,173.78,56.99,56.99,9.6
24,namibe,0,1533690726,100,-15.19,12.15,64.28,64.28,6.73
25,tasiilaq,8,1533689400,86,65.61,-37.64,39.2,39.2,11.41
26,arlit,56,1533690726,78,18.74,7.39,77.51,77.51,7.52
27,verkhnetulomskiy,0,1533688200,81,68.61,31.8,46.4,46.4,2.24
28,marcona,NaN,NaN,NaN,NaN,NaN,NaN,NaN,NaN
29,san andres,92,1533690508,100,13.32,122.68,80.84,80.84,28.21
30,suao,NaN,NaN,NaN,NaN,NaN,NaN,NaN,NaN
31,pasni,12,1533690728,100,25.26,63.48,80.66,80.66,8.52
32,middelkerke,0,1533689460,82,51.19,2.82,68,67.12,5.82
33,atuona,44,1533690728,100,-9.8,-139.03,76.7,76.7,14.34
34,gorontalo,36,1533690728,74,0.54,123.06,79.94,79.94,4.79
35,salym,0,1533690729,98,60.06,71.48,59.06,59.06,4.5
36,vaitupu,NaN,NaN,NaN,NaN,NaN,NaN,NaN,NaN
37,illoqqortoormiut,NaN,NaN,NaN,NaN,NaN,NaN,NaN,NaN
38,ushuaia,20,1533686400,86,-54.81,-68.31,33.8,33.8,6.93
39,samarai,80,1533690730,100,-10.62,150.67,77.78,77.78,11.16
40,praia da vitoria,40,1533690000,78,38.73,-27.07,73.4,73.4,10.42
41,kapaa,75,1533686160,66,22.08,-159.32,87.8,86.2,18.34
42,mataura,68,1533690731,100,-46.19,168.86,48.98,48.98,4.56
43,butaritari,8,1533690731,100,3.07,172.79,83.18,83.18,7.25
44,lolua,NaN,NaN,NaN,NaN,NaN,NaN,NaN,NaN
45,saint-philippe,1,1533689700,94,45.36,-73.48,78.8,76.62,8.86
46,fort nelson,75,1533690000,31,58.81,-122.69,78.8,78.8,9.17
47,rodrigues alves,0,1533686400,88,-7.74,-72.65,77,77,2.33
48,hobart,40,1533690000,47,-42.88,147.33,57.2,57.2,23.04
49,yeppoon,0,1533690000,20,-23.13,150.74,68,68,9.17
50,dharchula,20,1533690733,96,29.85,80.53,52.31,52.31,1.36
51,samusu,NaN,NaN,NaN,NaN,NaN,NaN,NaN,NaN
52,bambous virieux,75,1533686400,64,-20.34,57.76,71.6,71.6,6.06
53,sitka,0,1533690734,66,37.17,-99.65,85.07,85.07,4.61
54,cherskiy,0,1533690734,68,68.75,161.3,46.64,46.64,4.23
55,hermanus,32,1533690735,100,-34.42,19.24,35.66,35.66,2.77
56,vaini,100,1533690735,98,15.34,74.49,69.41,69.41,8.14
57,cuenca,0,1533690629,58,40.07,-2.13,62.57,62.57,6.85
58,yenagoa,32,1533690736,92,4.92,6.26,72.65,72.65,5.23
59,jiexiu,92,1533690736,100,37.02,111.92,70.58,70.58,2.89
60,busselton,92,1533690736,97,-33.64,115.35,61.4,61.4,21.56
61,hasaki,75,1533688440,100,35.73,140.83,75.2,74.62,27.51
62,stornoway,NaN,NaN,NaN,NaN,NaN,NaN,NaN,NaN
63,tiksi,0,1533690737,78,71.64,128.87,52.85,52.85,7.52
64,wanaka,8,1533690738,77,-44.7,169.14,45.47,45.47,2.82
65,yellowknife,75,1533686400,55,62.45,-114.38,64.4,64.4,3.36
66,matsanga,NaN,NaN,NaN,NaN,NaN,NaN,NaN,NaN
67,meulaboh,76,1533690738,100,4.14,96.13,76.16,76.16,4.23
68,manavalakurichi,75,1533688200,88,8.13,77.3,75.2,75.2,3.36
69,burnie,68,1533690739,100,-41.05,145.91,52.85,52.85,27.6
70,vardo,1,1533689700,100,39.62,-77.74,78.8,73.72,3.27
71,elizabeth city,1,1533690000,88,36.3,-76.22,84.2,81.81,3.36
72,nemuro,75,1533686400,82,43.32,145.57,60.8,60.8,11.41
73,laguna,75,1533685260,55,27.52,-110.01,87.8,87.8,11.41
74,rudraprayag,48,1533690741,90,30.29,78.98,61.13,61.13,1.7
75,kodiak,1,1533685980,65,39.95,-94.76,82.4,82.4,6.93
76,nagato,20,1533686400,42,34.35,131.14,86,82.89,8.05
77,dingle,92,1533690742,98,11,122.67,75.62,75.62,9.53
78,coalcoman,NaN,NaN,NaN,NaN,NaN,NaN,NaN,NaN
79,east london,0,1533690742,100,-33.02,27.91,58.97,58.97,29.66
80,trairi,64,1533690617,99,-3.28,-39.27,79.4,79.4,20.56
81,taltal,0,1533690743,89,-25.41,-70.49,54.47,54.47,2.37
82,malinovoye ozero,12,1533690743,84,51.68,79.77,56.99,56.99,2.82
83,qaanaaq,80,1533690743,90,77.48,-69.36,38.27,38.27,2.21
84,komsomolskiy,92,1533690744,96,67.55,63.78,52.85,52.85,7.4
85,grindavik,75,1533688200,81,63.84,-22.43,48.2,47.5,20.8
86,mar del plata,0,1533690455,85,-46.43,-67.52,35.57,35.57,5.84
87,anupgarh,44,1533690632,87,29.19,73.21,79.67,79.67,11.05
88,te anau,24,1533690745,99,-45.41,167.72,44.48,44.48,3.6
89,ostrovnoy,8,1533690745,85,68.05,39.51,43.4,43.4,9.37
90,leamington,40,1533688620,88,42.05,-82.6,80.6,77.36,3.36
91,mys shmidta,NaN,NaN,NaN,NaN,NaN,NaN,NaN,NaN
92,yakeshi,56,1533690746,100,49.28,120.73,64.37,64.37,4.5
93,karpogory,56,1533690746,93,64,44.44,45.29,45.29,3.49
94,kjollefjord,92,1533690747,88,70.95,27.35,48.8,48.8,21.68
95,quang ngai,88,1533690747,92,15.12,108.8,74.45,74.45,2.82
96,okhotsk,44,1533690747,92,59.36,143.24,57.62,57.62,3.49
97,nikolskoye,20,1533688200,100,59.7,30.79,53.6,53.6,2.24
98,anamur,0,1533690748,80,36.08,32.84,78.86,78.86,9.04
99,ilulissat,75,1533685800,62,69.22,-51.1,55.4,55.4,14.99
100,naryan-mar,12,1533690749,94,67.67,53.09,46.28,46.28,10.27
101,ouesso,92,1533690749,86,1.61,16.05,74.09,74.09,1.48
102,fountain,1,1533688500,53,38.68,-104.7,75.2,70.99,8.05
103,esperance,20,1533686400,88,10.24,-61.45,80.6,80.6,6.93
104,talnakh,20,1533690750,73,69.49,88.39,49.52,49.52,11.83
105,pokrovskoye,76,1533690750,60,47.41,38.9,73.82,73.82,8.52
106,grand gaube,75,1533686400,64,-20.01,57.66,71.6,71.6,11.27
107,rio verde de mato grosso,0,1533690751,75,-18.92,-54.84,69.95,69.95,3.49
108,sydney,0,1533686400,82,-33.85,151.22,59,59,11.41
109,castro,20,1533690650,100,-42.48,-73.76,40.07,40.07,3.89
110,tevaitoa,12,1533690752,95,-16.78,-151.5,80.66,80.66,21.72
111,san felipe,0,1533690000,75,-32.75,-70.73,42.8,42.8,5.82
112,port alfred,8,1533690754,93,-33.59,26.89,56,56,21.72
113,longyearbyen,20,1533689400,75,78.22,15.63,44.6,44.6,10.29
114,maryborough,0,1533690755,62,-25.54,152.7,58.88,58.88,3
115,gamba,32,1533690755,89,28.28,88.52,31.34,31.34,0.58
116,norman wells,40,1533686400,77,65.28,-126.83,62.6,62.6,12.75
117,pavlovka,0,1533690756,72,52.69,47.13,65.9,65.9,3.33
118,vila franca do campo,75,1533690000,77,37.72,-25.43,68,68,7.58
119,alta floresta,0,1533690757,39,-9.87,-56.08,84.89,84.89,3.27
120,keningau,75,1533690000,62,5.33,116.16,86,86,4.7
121,kihei,40,1533686160,58,20.76,-156.45,87.8,84.67,20.8
122,churapcha,0,1533690758,80,62,132.43,66.98,66.98,3.71
123,grand river south east,NaN,NaN,NaN,NaN,NaN,NaN,NaN,NaN
124,taolanaro,NaN,NaN,NaN,NaN,NaN,NaN,NaN,NaN
125,lompoc,1,1533688500,27,34.64,-120.46,87.8,72.37,10.29
126,belushya guba,NaN,NaN,NaN,NaN,NaN,NaN,NaN,NaN
127,nome,1,1533689700,78,30.04,-94.42,80.6,78.76,3.36
128,kapchorwa,0,1533690759,91,1.4,34.45,55.55,55.55,2.55
129,barrow,92,1533690760,100,-38.31,-60.23,56.18,56.18,9.64
130,nantucket,40,1533688500,94,41.28,-70.1,78.8,75.97,16.11
131,tumannyy,NaN,NaN,NaN,NaN,NaN,NaN,NaN,NaN
132,badhni kalan,56,1533690761,93,30.68,75.29,76.52,76.52,3.04
133,lebu,75,1533686400,87,8.96,38.73,57.2,57.2,4.7
134,la tuque,32,1533690761,84,47.44,-72.79,68.24,68.24,4.05
135,torbay,20,1533690000,82,47.66,-52.73,68,68,9.17
136,los llanos de aridane,0,1533690000,73,28.66,-17.92,73.4,73.4,16.11
137,bengkulu,NaN,NaN,NaN,NaN,NaN,NaN,NaN,NaN
138,salvacion,90,1533686400,100,14.63,120.99,78.8,78.8,14.99
139,camacha,75,1533690000,73,33.08,-16.33,71.6,71.6,14.99
140,obo,80,1533690763,99,5.39,26.49,66.98,66.98,4.5
141,banda aceh,32,1533690764,95,5.56,95.32,75.44,75.44,5.35
142,ozinki,24,1533690765,77,51.2,49.73,66.53,66.53,2.82
143,ust-kamchatsk,NaN,NaN,NaN,NaN,NaN,NaN,NaN,NaN
144,ukmerge,0,1533689400,93,55.25,24.75,59,59,1.12
145,mazagao,40,1533690000,88,-0.12,-51.29,82.4,82.4,6.93
146,comodoro rivadavia,0,1533690000,65,-45.87,-67.48,41,41,1.77
147,tomohon,20,1533690000,52,1.33,124.84,91.4,91.4,12.75
148,la palma,8,1533690768,66,5.36,-74.39,73.19,73.19,1.32
149,gorno-chuyskiy,NaN,NaN,NaN,NaN,NaN,NaN,NaN,NaN
150,portland,75,1533689580,30,45.52,-122.67,96.8,93.97,11.41
151,naze,75,1533686400,100,5.43,7.07,73.4,73.4,3.36
152,broken hill,0,1533690769,59,-31.97,141.45,53.03,53.03,13.56
153,purpe,92,1533690769,89,64.48,76.69,56,56,16.13
154,tsihombe,NaN,NaN,NaN,NaN,NaN,NaN,NaN,NaN
155,pangnirtung,92,1533690770,95,66.15,-65.72,42.86,42.86,6.8
156,ballina,64,1533690770,100,54.11,-9.15,54.92,54.92,8.37
157,zaranj,0,1533686400,27,30.95,61.86,87.8,87.8,40.26
158,sogne,0,1533689400,93,58.08,7.82,62.6,62.6,10.29
159,manica,0,1533686400,77,-18.94,32.88,68,68,6.93
160,souillac,0,1533690000,82,45.6,-0.6,64.4,64.4,4.7
161,new norfolk,40,1533690000,47,-42.78,147.06,57.2,57.2,23.04
162,ahipara,92,1533690772,99,-35.17,173.16,56.27,56.27,14.18
163,charters towers,0,1533690773,72,-20.07,146.27,56,56,4.27
164,arraial do cabo,48,1533690773,100,-22.97,-42.02,63.83,63.83,3.27
165,conceicao da barra,76,1533690773,98,-18.59,-39.73,72.65,72.65,17.81
166,lubango,0,1533690774,84,-14.92,13.49,55.1,55.1,1.99
167,shaowu,48,1533690774,88,27.34,117.49,77.42,77.42,2.71
168,chuy,0,1533690537,80,-33.69,-53.46,56,56,17.92
169,olafsvik,NaN,NaN,NaN,NaN,NaN,NaN,NaN,NaN
170,jacareacanga,12,1533690775,69,-6.22,-57.76,83.45,83.45,2.04
171,salinopolis,32,1533690653,95,-0.61,-47.36,80.48,80.48,17.13
172,tilichiki,56,1533690776,94,60.47,166.1,57.98,57.98,7.14
173,balkanabat,0,1533690776,35,39.51,54.36,76.16,76.16,3.56
174,airai,0,1533690776,66,-8.93,125.41,72.74,72.74,2.26
175,itoman,1,1533689760,74,26.12,127.67,87.8,86.56,8.05
176,bathsheba,40,1533686400,74,13.22,-59.52,82.4,82.4,17.22
177,dikson,36,1533690777,81,73.51,80.55,49.16,49.16,20.38
178,klaksvik,80,1533689400,100,62.23,-6.59,50,50,3.36
179,nanortalik,80,1533690778,94,60.14,-45.24,43.22,43.22,12.39
180,jiddah,NaN,NaN,NaN,NaN,NaN,NaN,NaN,NaN
181,strezhevoy,0,1533688200,87,60.73,77.6,59,59,8.95
182,saskylakh,0,1533690779,84,71.97,114.09,60.77,60.77,4.83
183,provideniya,90,1533688200,81,64.42,-173.23,50,50,11.18
184,ribeira grande,12,1533690779,100,38.52,-28.7,73.1,73.1,8.93
185,solnechnyy,44,1533690780,72,50.72,136.64,73.01,73.01,3.27
186,abha,0,1533686400,59,18.22,42.5,66.2,64.29,1.54
187,bosaso,0,1533690780,80,11.28,49.18,89.3,89.3,15.97
188,kardailovo,0,1533690781,93,51.54,53.9,60.14,60.14,2.82
189,ponta do sol,0,1533690781,81,-20.63,-46,57.8,57.8,2.82
190,balimo,NaN,NaN,NaN,NaN,NaN,NaN,NaN,NaN
191,tuktoyaktuk,90,1533690000,87,69.44,-133.03,46.4,46.4,16.11
192,palabuhanratu,NaN,NaN,NaN,NaN,NaN,NaN,NaN,NaN
193,cidreira,0,1533690782,89,-30.17,-50.22,56.27,56.27,13.96
194,rabaul,48,1533690782,100,-4.2,152.17,78.32,78.32,5.79
195,georgetown,20,1533686400,94,6.8,-58.16,77,77,4.7
196,pisco,0,1533686400,82,-13.71,-76.2,62.6,62.6,14.99
197,siparia,20,1533686400,88,10.14,-61.51,80.6,80.6,6.93
198,rantepao,56,1533690784,100,-2.97,119.9,67.7,67.7,1.77
199,berlevag,92,1533690784,97,70.86,29.09,48.08,48.08,21.56
200,caravelas,92,1533690784,100,-17.73,-39.27,73.91,73.91,23.13
201,honiara,20,1533690000,58,-9.43,159.96,86,86,9.17
202,haines junction,80,1533690631,59,60.75,-137.51,56.09,56.09,8.86
203,atasu,0,1533690785,91,48.68,71.64,62.03,62.03,8.14
204,prince rupert,1,1533690000,72,54.32,-130.32,66.2,66.2,3.36
205,fez,0,1533690000,57,34.03,-5.02,77,77,4.7
206,nalut,0,1533690786,66,31.86,10.98,76.07,76.07,6.35
207,tura,36,1533690786,95,25.52,90.21,75.8,75.8,3.04
208,toliary,NaN,NaN,NaN,NaN,NaN,NaN,NaN,NaN
209,ambon,90,1533690000,82,47.55,-2.56,64.4,64.4,2.24
210,nouadhibou,75,1533686400,94,20.93,-17.03,68,68,5.82
211,candelaria,75,1533686400,65,3.41,-76.35,78.8,78.8,9.17
212,kavieng,44,1533690788,100,-2.57,150.8,82.82,82.82,6.73
213,verkhoyansk,0,1533690789,55,67.55,133.39,63.38,63.38,3.71
214,varkkallai,75,1533688200,88,8.73,76.71,75.2,75.2,3.36
215,houston,75,1533689700,74,29.76,-95.37,86,84.43,8.05
216,ouargaye,20,1533690789,99,11.5,0.06,72.92,72.92,3.11
217,avera,40,1533688500,88,33.19,-82.53,78.8,76.28,3.36
218,bahia blanca,92,1533690790,95,-38.72,-62.27,50.24,50.24,21.23
219,port lincoln,0,1533690791,92,-34.72,135.86,57.08,57.08,15.68
220,panaba,24,1533690791,85,21.28,-88.27,81.47,81.47,5.01
221,geraldton,20,1533686400,63,49.72,-86.95,66.2,66.2,6.93
222,saint joseph,1,1533685980,65,39.77,-94.85,84.2,83.44,6.93
223,ojinaga,24,1533690792,19,29.56,-104.41,95.87,95.87,6.51
224,paamiut,92,1533690792,86,61.99,-49.67,45.65,45.65,29.1
225,beaverlodge,40,1533690000,41,55.21,-119.43,77,77,11.41
226,camocim,8,1533690793,77,-2.9,-40.84,77.69,77.69,15.08
227,derzhavinsk,0,1533690793,65,51.1,66.31,67.16,67.16,9.31
228,huanan,92,1533690794,87,46.24,130.56,64.82,64.82,8.75
229,waipawa,88,1533690796,85,-39.94,176.59,54.74,54.74,6.91
230,flinders,0,1533690420,68,-34.58,150.85,60.8,60.8,17.22
231,shangrao,36,1533690798,94,28.45,117.97,75.8,75.8,3.22
232,lagoa,0,1533690000,49,37.14,-8.45,73.4,73.4,5.82
233,clarence town,0,1533690000,33,-32.59,151.78,62.6,62.6,24.16
234,egvekinot,20,1533690800,75,66.32,-179.17,51.05,51.05,3.04
235,katsuura,75,1533686400,61,33.93,134.5,80.6,80.6,3.36
236,la plata,0,1533686400,67,-34.92,-57.95,62.6,61.68,11.41
237,mandalgovi,12,1533690802,72,45.76,106.27,65,65,8.93
238,westport,80,1533690803,100,53.8,-9.52,54.74,54.74,9.53
239,yumen,0,1533690803,49,40.29,97.04,63.02,63.02,5.01
240,kahuta,75,1533686400,94,33.59,73.39,75.2,75.2,4.7
241,oranjestad,20,1533686400,78,12.52,-70.03,82.4,82.4,26.4
242,thilogne,NaN,NaN,NaN,NaN,NaN,NaN,NaN,NaN
243,quime,0,1533690805,79,-16.98,-67.22,47.63,47.63,1.77
244,rawson,0,1533690806,60,-43.3,-65.11,42.41,42.41,10.09
245,cabo san lucas,90,1533688140,88,22.89,-109.91,78.8,78.17,12.75
246,bhuj,76,1533690806,82,23.25,69.67,78.77,78.77,6.8
247,lorengau,12,1533690807,100,-2.02,147.27,82.1,82.1,2.33
248,kaohsiung,75,1533688200,74,22.62,120.31,86,84.07,8.05
249,sur,0,1533690807,81,22.57,59.53,86.51,86.51,1.59
250,prijedor,0,1533690000,93,44.98,16.71,64.4,64.4,2.26
251,mahajanga,20,1533686400,88,-15.72,46.32,71.6,71.6,2.24
252,kasane,0,1533690808,54,-17.8,25.16,58.07,58.07,3.89
253,muzhi,76,1533690808,89,65.4,64.7,51.32,51.32,3.33
254,bima,0,1533690809,86,-8.45,118.73,76.25,76.25,4.05
255,gaya,40,1533686400,94,24.8,85.01,78.8,78.8,11.41
256,brownsville,1,1533689580,66,25.91,-97.49,89.6,86.99,13.87
257,faya,0,1533686400,59,18.39,42.45,66.2,64.35,4.5
258,partizansk,76,1533690810,93,43.13,133.13,64.01,64.01,2.37
259,kadnikov,20,1533690811,90,59.5,40.34,53.3,53.3,6.29
260,iquique,75,1533686400,77,-20.22,-70.14,59,59,10.29
261,ancud,36,1533690811,89,-41.87,-73.83,39.98,39.98,4
262,cockburn town,24,1533690747,98,21.46,-71.14,82.55,82.55,17.43
263,hede,20,1533689400,82,60.45,15.49,64.4,64.4,5.82
264,itapirapua,92,1533690812,48,-15.82,-50.61,82.46,82.46,3.27
265,hilo,90,1533686160,65,19.71,-155.08,82.4,79.29,11.41
266,guaymas,40,1533686040,75,27.92,-110.9,89.6,89.6,17.22
267,leningradskiy,92,1533690813,98,69.38,178.42,35.57,35.57,23.85
268,viligili,NaN,NaN,NaN,NaN,NaN,NaN,NaN,NaN
269,makakilo city,20,1533686220,43,21.35,-158.09,89.6,86.43,8.05
270,edgewater,5,1533686160,74,28.99,-80.9,86,84.22,8.05
271,guadalajara,0,1533690000,49,40.63,-3.16,73.4,73.4,5.82
272,nizhneyansk,NaN,NaN,NaN,NaN,NaN,NaN,NaN,NaN
273,balkhash,0,1533690815,100,46.84,74.98,68.87,68.87,4.38
274,pacific grove,1,1533688500,39,36.62,-121.92,78.8,67.37,10.29
275,chengde,20,1533690703,92,40.97,117.93,73.1,73.1,3.83
276,anadyr,40,1533688200,72,64.73,177.51,60.8,60.8,17.9
277,leh,92,1533690661,96,34.16,77.58,35.75,35.75,1.59
278,kloulklubed,75,1533689400,74,7.04,134.26,86,86,8.05
279,flin flon,80,1533690817,62,54.77,-101.88,70.94,70.94,9.82
280,bulawayo,0,1533690817,54,-20.16,28.59,55.01,55.01,1.99
281,fortuna,40,1533690000,88,38.18,-1.13,80.6,79.7,3.36
282,solvychegodsk,0,1533690818,92,61.33,46.92,48.98,48.98,7.63
283,cap malheureux,75,1533686400,64,-19.98,57.61,71.6,71.6,11.27
284,ola,90,1533688200,87,59.58,151.3,59,59,6.71
285,kuusamo,0,1533689400,100,65.96,29.19,44.6,44.6,1.12
286,amahai,76,1533690820,100,-3.31,129,77.15,77.15,10.6
287,saint george,0,1533689400,60,39.45,22.34,73.4,73.4,4.7
288,half moon bay,90,1533689580,87,37.46,-122.43,87.8,71.37,10.29
289,nara,75,1533688200,61,34.68,135.8,84.2,83.3,5.82
290,mouzakion,NaN,NaN,NaN,NaN,NaN,NaN,NaN,NaN
291,we,NaN,NaN,NaN,NaN,NaN,NaN,NaN,NaN
292,nishihara,90,1533689760,88,35.74,139.53,77,74.5,19.46
293,pangody,92,1533690823,94,65.85,74.49,55.1,55.1,19.89
294,bethel,75,1533689580,63,60.79,-161.76,60.8,60.8,11.41
295,walvis bay,0,1533690826,100,-22.95,14.51,56.45,56.45,16.31
296,buta,64,1533690826,93,2.79,24.73,70.67,70.67,2.59
297,codrington,0,1533690827,66,-28.95,153.24,57.17,57.17,3.49
298,aksu,0,1533688200,82,52.04,76.93,60.8,60.8,6.71
299,sao felix do xingu,0,1533690644,45,-6.64,-51.99,86.78,86.78,5.35
300,upernavik,92,1533690829,86,72.79,-56.15,42.32,42.32,6.06
301,babanka,0,1533690829,79,48.71,30.45,61.04,61.04,6.73
302,faanui,24,1533690830,99,-16.48,-151.75,80.39,80.39,20.89
303,mackenzie,1,1533690000,24,55.34,-123.09,82.4,82.4,11.41
304,kamina,0,1533690832,64,-8.74,25,60.05,60.05,3.56
305,calama,0,1533686400,14,-22.46,-68.93,57.2,57.2,12.75
306,zhigansk,0,1533690834,62,66.77,123.37,65.54,65.54,3.04
307,tuatapere,92,1533690835,100,-46.13,167.69,47.45,47.45,4.12
308,marquette,5,1533686160,72,46.54,-87.4,64.4,63.59,5.82
309,attawapiskat,NaN,NaN,NaN,NaN,NaN,NaN,NaN,NaN
310,alice springs,0,1533690000,21,-23.7,133.88,62.6,62.6,4.7
311,haimen,0,1533690836,80,31.87,121.18,85.97,85.97,7.02
312,barawe,NaN,NaN,NaN,NaN,NaN,NaN,NaN,NaN
313,hundorp,88,1533690836,66,61.55,9.94,58.7,58.7,6.06
314,namie,75,1533686400,100,37.52,140.86,71.6,69.93,17.22
315,tual,64,1533690837,97,-5.67,132.75,79.58,79.58,16.13
316,mount gambier,92,1533690838,96,-37.83,140.78,50.87,50.87,8.86
317,kamenka,8,1533690838,91,53.19,44.05,60.59,60.59,9.64
318,kulhudhuffushi,48,1533690838,100,6.62,73.07,80.84,80.84,19.55
319,kuche,NaN,NaN,NaN,NaN,NaN,NaN,NaN,NaN
320,hualmay,32,1533690839,95,-11.1,-77.61,58.97,58.97,5.01
321,avarua,90,1533690000,94,-21.21,-159.78,69.8,69.8,12.75
322,barentsburg,NaN,NaN,NaN,NaN,NaN,NaN,NaN,NaN
323,itaberaba,0,1533690840,74,-12.52,-40.31,72.38,72.38,11.61
324,lac-au-saumon,90,1533687420,100,48.42,-67.35,59,59,4.7
325,morondava,0,1533690841,100,-20.3,44.28,63.74,63.74,4.38
326,mareeba,20,1533690000,34,-16.99,145.42,78.8,78.8,17.22
327,warmbad,0,1533690000,72,50.67,13.08,75.2,70.56,2.24
328,wahran,NaN,NaN,NaN,NaN,NaN,NaN,NaN,NaN
329,muyezerskiy,64,1533690842,82,63.93,31.65,51.14,51.14,4.61
330,boca do acre,0,1533690845,81,-8.76,-67.39,77.42,77.42,2.89
331,antofagasta,75,1533686400,76,-23.65,-70.4,55.4,55.4,4.7
332,xuanhua,88,1533690846,83,40.61,115.04,69.14,69.14,3.11
333,oslomej,0,1533690000,88,41.58,21,66.2,66.2,1.99
334,mahebourg,75,1533686400,64,-20.41,57.7,71.6,71.6,6.06
335,bondo,88,1533690847,100,3.81,23.69,69.23,69.23,2.33
336,vila,20,1533689400,69,45.18,8.4,75.2,72.46,11.41
337,sydney mines,75,1533690000,100,46.24,-60.22,66.2,66.2,12.75
338,palmer,75,1533690000,76,-34.85,139.16,57.2,57.2,12.75
339,nabire,80,1533690849,92,-3.36,135.5,72.83,72.83,0.2
340,aklavik,90,1533690000,93,68.22,-135.01,44.6,44.6,10.29
341,santa isabel do rio negro,32,1533690850,86,-0.41,-65.02,79.04,79.04,3.71
342,clyde river,1,1533690000,75,70.47,-68.59,42.8,42.8,8.05
343,carnarvon,0,1533690853,69,-30.97,22.13,19.73,19.73,3.71
344,kosh-agach,76,1533690853,86,49.99,88.66,43.22,43.22,3.71
345,port blair,68,1533690853,100,11.67,92.75,80.21,80.21,20.94
346,hay river,90,1533690000,77,60.82,-115.79,64.4,64.4,4.7
347,ngukurr,NaN,NaN,NaN,NaN,NaN,NaN,NaN,NaN
348,bilibino,12,1533690854,62,68.06,166.44,52.22,52.22,3.11
349,moron,64,1533690856,95,10.49,-68.2,69.86,69.86,2.59
350,lokosovo,68,1533690856,97,61.13,74.84,60.5,60.5,9.6
351,suamico,1,1533689760,88,44.63,-88.04,69.8,68.02,3.71
352,stromness,40,1533690000,88,42.87,-79.55,77,73.83,4.7
353,segezha,32,1533690857,96,63.74,34.31,47.99,47.99,5.35
354,rocha,0,1533690859,76,-34.48,-54.34,56.9,56.9,12.06
355,vestmannaeyjar,0,1533690861,79,63.44,-20.27,50.6,50.6,19.82
356,bilma,0,1533690861,49,18.69,12.92,82.55,82.55,8.37
357,aginskoye,12,1533690862,84,51.11,114.54,65.36,65.36,4.56
358,khani,90,1533688200,94,41.96,42.96,75.2,75.2,5.82
359,tautira,40,1533690000,65,-17.73,-149.15,82.4,82.4,18.34
360,eureka,90,1533688500,87,40.8,-124.16,59,57.94,8.05
361,takoradi,92,1533690863,100,4.89,-1.75,76.34,76.34,10.87
362,karratha,0,1533690864,33,-20.74,116.85,48.08,48.08,3.89
363,axim,88,1533690864,98,4.87,-2.24,76.88,76.88,14.29
364,anshun,92,1533690864,99,26.25,105.93,65.18,65.18,3.71
365,ayan,48,1533690865,76,40.67,33.6,54.02,54.02,2.21
366,evensk,92,1533690865,100,61.92,159.24,52.85,52.85,11.27
367,isangel,0,1533690865,100,-19.55,169.27,72.74,72.74,9.75
368,coquimbo,0,1533686400,76,-29.95,-71.34,55.4,55.4,3.36
369,jiwani,12,1533690866,95,25.05,61.74,81.74,81.74,12.84
370,sao filipe,0,1533690866,100,14.9,-24.5,75.35,75.35,8.03
371,khandyga,0,1533690867,87,62.65,135.58,62.12,62.12,3.38
372,tecolutla,20,1533690867,81,17.31,-98.74,70.58,70.58,1.99
373,saleaula,NaN,NaN,NaN,NaN,NaN,NaN,NaN,NaN
374,inhambane,0,1533690868,88,-23.87,35.38,73.46,73.46,6.51
375,skjervoy,76,1533690868,100,70.03,20.97,50.51,50.51,20.11
376,hengyang,0,1533690868,95,26.89,112.6,81.02,81.02,3.49
377,sonoita,92,1533690420,37,31.68,-110.66,87.8,87.35,12.75
378,mahon,75,1533688200,100,51.89,-8.4,53.6,53.6,8.05
379,igarka,56,1533690869,90,67.47,86.57,51.77,51.77,15.86
380,hofn,48,1533690685,95,64.25,-15.21,49.16,49.16,11.39
381,nicoya,0,1533686400,66,10.15,-85.45,84.2,84.2,14.99
382,bacungan,75,1533686400,83,9.87,118.73,80.6,80.6,4.7
383,santa cruz,1,1533688500,39,36.97,-122.03,80.6,70.16,10.29
384,trojes,0,1533689400,83,41.76,19.96,71.6,71.6,2.24
385,fram,0,1533690000,100,46.45,15.64,69.8,64.98,1.12
386,constitucion,90,1533685980,49,23.99,-104.67,71.6,71.6,10.29
387,husavik,36,1533690873,88,50.56,-96.99,72.56,72.56,10.42
388,dattapur,100,1533690873,85,20.77,78.17,76.07,76.07,9.53
389,paris,90,1533690000,73,48.86,2.35,73.4,70.29,12.75
390,bereda,92,1533690000,93,43.27,-7.54,62.6,62.6,1.12
391,jamuria,92,1533690875,97,23.71,87.08,76.07,76.07,10.09
392,milkovo,0,1533690000,82,41.53,24.68,68,68,3.36
393,sobolevo,0,1533690875,87,54.43,31.9,51.68,51.68,2.89
394,zyryanka,0,1533690876,57,65.73,150.89,54.02,54.02,4.12
395,adrar,0,1533690000,21,27.87,-0.29,91.4,91.4,6.93
396,lively,36,1533690878,32,33.6,-99.18,98.12,98.12,7.52
397,karaul,NaN,NaN,NaN,NaN,NaN,NaN,NaN,NaN
398,viedma,92,1533690878,87,-40.81,-62.99,47.72,47.72,19.6
399,atar,8,1533690879,37,20.52,-13.05,90.2,90.2,8.59
400,chokurdakh,0,1533690879,88,70.62,147.9,41.78,41.78,8.3
401,praya,75,1533690000,74,-8.71,116.27,80.6,80.6,11.41
402,loandjili,20,1533686400,83,-4.77,11.87,71.6,71.6,3.36
403,kem,0,1533690880,88,2.68,33.77,59.15,59.15,3.27
404,kahului,40,1533686160,58,20.89,-156.47,87.8,84.63,20.8
405,whyalla,40,1533690000,59,-33.04,137.58,60.8,60.8,13.87
406,belaya gora,32,1533690881,63,68.54,146.19,52.22,52.22,9.64
407,severo-kurilsk,56,1533690881,94,50.68,156.12,54.65,54.65,3.56
408,ituni,NaN,NaN,NaN,NaN,NaN,NaN,NaN,NaN
409,nurota,0,1533688200,40,40.56,65.69,71.6,71.6,2.24
410,sorland,88,1533690883,100,67.67,12.69,58.34,58.34,11.05
411,udayagiri,92,1533690884,91,12.32,76.68,69.5,69.5,13.18
412,bubaque,40,1533690000,94,11.28,-15.83,77,77,2.24
413,hammerfest,75,1533689400,81,70.66,23.68,48.2,48.2,14.99
414,kushmurun,NaN,NaN,NaN,NaN,NaN,NaN,NaN,NaN
415,hirara,75,1533686400,74,24.8,125.28,86,86,5.82
416,qaqortoq,100,1533689400,50,60.72,-46.03,51.8,51.8,4.7
417,smidovich,76,1533690889,72,48.6,133.81,71.3,71.3,3.89
418,vilhena,0,1533690889,77,-12.74,-60.15,75.8,75.8,1.99
419,phan thiet,92,1533690837,100,10.93,108.1,75.53,75.53,15.9
420,goderich,20,1533690890,84,43.74,-81.71,71.57,71.57,4.38
421,mayo,90,1533686400,59,63.59,-135.9,64.4,64.4,2.24
422,narsaq,64,1533689400,50,60.91,-46.05,51.8,51.8,4.7
423,dongsheng,24,1533690891,79,29.72,112.52,85.88,85.88,4.56
424,ragusa,75,1533689400,78,36.92,14.72,82.4,81.07,4.7
425,quatre cocos,75,1533686400,64,-20.21,57.76,71.6,71.6,6.06
426,bolungarvik,NaN,NaN,NaN,NaN,NaN,NaN,NaN,NaN
427,mbanza-ngungu,8,1533690898,90,-5.25,14.87,66.35,66.35,4.83
428,leshukonskoye,20,1533690899,94,64.9,45.76,45.38,45.38,4.56
429,dire,75,1533686400,87,9.18,38.92,57.2,57.2,4.7
430,floro,92,1533689400,88,61.6,5.03,62.6,62.6,6.93
431,almaznyy,0,1533690000,45,48.03,40.04,68,68,9.64
432,humaita,0,1533686400,48,-24.93,-65.37,64.4,62.2,9.17
433,wenling,0,1533690901,89,28.38,121.38,83.9,83.9,3.04
434,iqaluit,40,1533690000,81,63.75,-68.52,46.4,46.4,8.05
435,maracaju,32,1533690902,88,-21.61,-55.17,67.97,67.97,8.59
436,kontagora,92,1533690904,98,10.4,5.47,69.68,69.68,7.92
437,iralaya,75,1533686400,78,15,-83.23,82.4,82.4,9.17
438,russell,0,1533686400,53,-33.01,-68.8,51.8,51.8,2.24
439,cabedelo,20,1533686400,88,-6.97,-34.84,73.4,73.4,6.93
440,ordubad,0,1533688200,47,38.91,46.02,75.2,75.2,9.17
441,lima,12,1533690625,77,-12.06,-77.04,60.32,60.32,2.21
442,springbok,0,1533690909,89,-29.67,17.88,30.98,30.98,8.52
443,yar-sale,92,1533690910,93,66.83,70.83,55.55,55.55,12.39
444,fuxin,88,1533690910,72,42.02,121.65,77.6,77.6,4.27
445,kirakira,68,1533690910,100,-10.46,161.92,81.38,81.38,14.07
446,satitoa,NaN,NaN,NaN,NaN,NaN,NaN,NaN,NaN
447,namatanai,68,1533690911,100,-3.66,152.44,79.76,79.76,8.41
448,the pas,1,1533690000,64,53.82,-101.24,73.4,73.4,6.93
449,teguldet,0,1533690911,77,57.31,88.17,50.15,50.15,5.61
450,bonavista,36,1533690912,78,48.65,-53.11,67.52,67.52,11.65
451,qandahar,NaN,NaN,NaN,NaN,NaN,NaN,NaN,NaN
452,letlhakane,0,1533690912,58,-21.42,25.59,60.95,60.95,5.28
453,nuuk,92,1533689400,87,64.17,-51.74,50,50,36.91
454,beyneu,0,1533690915,50,45.32,55.19,70.13,70.13,2.89
455,acapulco,75,1533685620,70,16.86,-99.88,87.8,87.8,5.82
456,udala,75,1533690000,87,43.08,-2.51,68,65.07,1.12
457,vrangel,68,1533690920,100,42.73,133.08,68.33,68.33,16.8
458,skalistyy,NaN,NaN,NaN,NaN,NaN,NaN,NaN,NaN
459,bako,20,1533690922,92,9.68,6.4,70.67,70.67,1.59
460,lasa,0,1533690000,88,34.92,32.53,77,77,5.82
461,buraydah,0,1533686400,28,26.33,43.97,86,86,4.7
462,kamaishi,40,1533686400,69,39.28,141.86,77,77,16.11
463,de-kastri,76,1533690926,90,51.48,140.77,60.68,60.68,4.9
464,pingliang,92,1533690926,99,35.54,106.68,66.71,66.71,3.89
465,sain alto,64,1533690927,69,23.58,-103.25,65.09,65.09,6.51
466,caronport,75,1533688560,27,50.46,-105.81,87.8,87.8,11.41
467,baherden,0,1533690927,51,38.44,57.43,70.22,70.22,2.48
468,ilhabela,20,1533690928,100,-23.78,-45.36,65.72,65.72,8.3
469,tokur,88,1533690928,73,53.13,132.9,62.84,62.84,2.82
470,svetlogorsk,75,1533688200,93,53.14,59.15,59,59,4.47
471,gavle,24,1533690862,91,60.67,17.14,64.1,64.1,6.8
472,halalo,NaN,NaN,NaN,NaN,NaN,NaN,NaN,NaN
473,sentyabrskiy,NaN,NaN,NaN,NaN,NaN,NaN,NaN,NaN
474,champerico,75,1533685620,62,16.38,-93.6,84.2,84.2,12.75
475,mecca,0,1533690905,89,21.43,39.83,72.92,72.92,2.55
476,puerto carreno,40,1533686400,88,6.19,-67.49,78.8,78.8,4.7
477,lake cowichan,5,1533690000,31,48.82,-124.05,87.8,77.27,4.7
478,jinxiang,0,1533690932,79,35.07,116.31,88.58,88.58,6.62
479,klyuchi,12,1533690932,83,52.25,79.17,55.1,55.1,3.56
480,luderitz,0,1533690932,76,-26.65,15.16,54.02,54.02,26.42
481,lexington,75,1533688500,83,38.05,-84.5,77,74.7,4.7
482,araouane,0,1533690933,40,18.9,-3.53,89.66,89.66,10.87
483,cedar city,1,1533689580,6,37.68,-113.06,93.2,93.2,4.7
484,calvia,20,1533690000,88,39.57,2.51,75.2,75.2,4.7
485,nokaneng,0,1533690934,64,-19.66,22.19,60.77,60.77,3.04
486,hambantota,56,1533690934,100,6.12,81.12,77.6,77.6,16.35
487,hamilton,40,1533686100,78,32.3,-64.78,80.6,80.6,5.82
488,asfi,NaN,NaN,NaN,NaN,NaN,NaN,NaN,NaN
489,ixtapa,90,1533685560,70,20.71,-105.21,86,86,4.7
490,deputatskiy,0,1533690935,57,69.3,139.9,52.22,52.22,8.08
491,hunza,NaN,NaN,NaN,NaN,NaN,NaN,NaN,NaN
492,targusor,0,1533690000,73,44.45,28.42,69.8,69.8,11.41
493,kumluca,0,1533690936,86,36.37,30.29,57.89,57.89,1.88
494,kurchum,36,1533690937,70,48.57,83.65,69.5,69.5,7.4
495,wiwili,92,1533690938,93,13.63,-85.83,72.92,72.92,4
496,iquitos,40,1533686400,94,-3.75,-73.25,75.2,75.2,2.48
497,kalabagh,75,1533686400,94,34.07,73.37,75.2,75.2,4.7
498,sotnikovskoye,0,1533690944,61,45,43.79,69.95,69.95,3.83
499,kalmunai,20,1533690947,91,7.42,81.82,73.19,73.19,2.48
500,baoding,92,1533690948,99,38.86,115.49,75.8,75.8,4.12
501,torit,NaN,NaN,NaN,NaN,NaN,NaN,NaN,NaN
502,menongue,0,1533690948,48,-14.66,17.68,55.73,55.73,3.22
503,eyl,8,1533690949,73,7.98,49.82,78.5,78.5,21.23
504,serebryansk,40,1533688200,93,49.68,83.3,55.4,55.4,2.1
505,margate,40,1533690000,47,-43.03,147.26,57.2,57.2,23.04
506,victoria,75,1533690000,78,5.28,115.24,82.4,82.4,3.36
507,sal rei,75,1533690000,78,16.18,-22.92,77,77,5.82
508,peterhead,75,1533690000,76,-34.83,138.5,57.2,57.2,12.75
509,qasigiannguit,75,1533685800,62,68.82,-51.19,55.4,55.4,14.99
510,oudtshoorn,0,1533686400,80,-33.59,22.2,41,41,5.82
511,dalbandin,0,1533690951,28,28.9,64.41,71.21,71.21,2.89
512,itupiranga,0,1533686400,78,-5.13,-49.33,82.4,82.4,5.82
513,saldanha,0,1533690952,78,41.42,-6.55,58.7,58.7,3.04
514,noyabrsk,92,1533690722,98,63.2,75.45,55.82,55.82,15.79
515,sabya,68,1533690953,71,16.19,43.1,79.67,79.67,3.04
516,port macquarie,0,1533690000,36,-31.43,152.91,62.6,62.6,8.05
517,ayer itam,NaN,NaN,NaN,NaN,NaN,NaN,NaN,NaN
518,bhachau,76,1533690954,83,23.3,70.35,78.68,78.68,5.73
519,yantal,48,1533690954,67,56.85,105.25,53.48,53.48,3.22
520,seoul,40,1533689760,84,37.57,126.98,87.8,86.68,3.56
521,adeje,20,1533690955,95,5.68,5.76,72.92,72.92,5.79
522,belmonte,0,1533690955,73,40.36,-7.35,63.56,63.56,3.78
523,briancon,32,1533690955,89,44.9,6.65,48.44,48.44,1.25
524,glens falls,90,1533689760,94,43.31,-73.64,75.2,73.38,4.23
525,dien bien,NaN,NaN,NaN,NaN,NaN,NaN,NaN,NaN
526,boa vista,40,1533690000,88,2.82,-60.67,78.8,78.8,3.36
527,yirol,NaN,NaN,NaN,NaN,NaN,NaN,NaN,NaN
528,raudeberg,92,1533689400,88,61.99,5.14,62.6,62.6,6.93
529,kattivakkam,75,1533688200,69,13.22,80.32,82.4,82.4,6.93
530,san policarpo,92,1533690959,90,12.18,125.51,83.63,83.63,13.67
531,washougal,1,1533689580,30,45.58,-122.35,96.8,94.12,8.05
532,itinga,56,1533691009,63,-16.61,-41.77,75.17,75.17,12.62
533,sakakah,NaN,NaN,NaN,NaN,NaN,NaN,NaN,NaN
534,diamantino,20,1533690963,80,-14.4,-56.44,72.65,72.65,1.88
535,akyab,NaN,NaN,NaN,NaN,NaN,NaN,NaN,NaN
536,arman,90,1533688200,87,59.7,150.17,59,59,6.71
537,fallon,20,1533686160,18,46.84,-105.12,91.4,91.4,6.93
538,nouakchott,88,1533690970,100,18.08,-15.98,77.15,77.15,9.37
539,betioky,NaN,NaN,NaN,NaN,NaN,NaN,NaN,NaN
540,porangatu,0,1533690971,70,-13.44,-49.14,75.35,75.35,5.57
541,rafaela,68,1533690971,74,-31.25,-61.49,60.5,60.5,23.62
542,mrirt,NaN,NaN,NaN,NaN,NaN,NaN,NaN,NaN
543,izhevskoye,36,1533690972,94,54.56,40.87,57.17,57.17,11.43
544,karkaralinsk,NaN,NaN,NaN,NaN,NaN,NaN,NaN,NaN
545,asau,NaN,NaN,NaN,NaN,NaN,NaN,NaN,NaN
546,nena,1,1533689700,36,32.33,-96.86,96.8,95.14,6.93
547,vanimo,80,1533690973,100,-2.67,141.3,79.4,79.4,11.1
548,skovde,NaN,NaN,NaN,NaN,NaN,NaN,NaN,NaN
549,oksfjord,80,1533689400,66,70.24,22.35,50,49.05,8.05
550,guerrero negro,0,1533690974,45,27.97,-114.04,87.05,87.05,8.03
551,chapais,90,1533690000,72,49.78,-74.86,66.2,66.2,4.34
552,marawi,12,1533690975,82,8,124.29,76.16,76.16,4.23
553,ishigaki,75,1533686400,74,24.34,124.16,86,86,8.05
554,beringovskiy,24,1533690975,91,63.05,179.32,56.9,56.9,7.25
555,presidente olegario,20,1533690976,67,-18.42,-46.42,68.24,68.24,6.4
556,kharan,0,1533690976,39,28.58,65.42,66.98,66.98,2.04
557,fare,12,1533690977,95,-16.7,-151.02,80.66,80.66,21.72
558,doctor pedro p. pena,NaN,NaN,NaN,NaN,NaN,NaN,NaN,NaN
559,svetlyy,NaN,NaN,NaN,NaN,NaN,NaN,NaN,NaN
560,labrea,NaN,NaN,NaN,NaN,NaN,NaN,NaN,NaN
561,wajima,75,1533686400,74,37.4,136.9,80.6,80.6,10.29
562,kondagaon,92,1533690978,96,19.59,81.66,71.48,71.48,10.54
563,gorin,1,1533688500,74,40.36,-92.02,80.6,78.91,5.82
564,joshimath,76,1533690979,100,30.57,79.57,35.84,35.84,0.47
565,hovd,0,1533689400,63,63.83,10.7,62.6,61.66,6.62
566,buba,88,1533690980,90,11.59,-14.99,77.15,77.15,7.52
567,alekseyevka,20,1533688200,82,53.25,50.49,66.2,66.2,6.71
568,ust-maya,8,1533690980,89,60.42,134.54,63.83,63.83,3.71
569,linchuan,NaN,NaN,NaN,NaN,NaN,NaN,NaN,NaN
570,guayaramerin,8,1533690981,83,-10.82,-65.36,75.98,75.98,2.55
571,kungurtug,92,1533690982,85,50.6,97.53,46.55,46.55,2.48
572,novovasylivka,88,1533690982,63,48.2,37.04,73.19,73.19,8.81
573,richards bay,0,1533690982,70,-28.77,32.06,59.6,59.6,11.39
574,gazli,0,1533690983,39,40.13,63.45,77.78,77.78,12.33
575,baculin,76,1533690983,83,7.45,126.58,82.73,82.73,12.39
576,limon,1,1533689700,53,39.26,-103.69,75.2,75.2,10.29
577,vao,0,1533690984,74,59.1,26.19,58.07,58.07,7.25
578,sarh,40,1533686400,94,9.14,18.39,71.6,71.6,9.17
579,katobu,8,1533690985,96,-4.94,122.53,79.58,79.58,4.61
580,buchanan,75,1533690000,94,5.88,-10.05,73.4,73.4,9.82
581,san fernando,0,1533686400,71,-34.58,-70.99,50,50,4.7
582,saint-pierre,12,1533690000,64,48.95,4.24,73.4,72.59,21.92
583,karpathos,0,1533689400,78,35.51,27.21,78.8,78.8,25.28
584,lola,92,1533690988,93,7.8,-8.53,69.05,69.05,8.03
585,borogontsy,0,1533690989,77,62.67,131.17,67.07,67.07,3.6
586,bireun,92,1533690989,100,5.2,96.7,82.64,82.64,7.36
587,pringsewu,0,1533690990,89,-5.36,104.98,71.03,71.03,1.7
588,albanel,20,1533690000,82,48.88,-72.44,68,68,6.93
589,kaitong,0,1533690992,83,44.81,123.15,77.06,77.06,4.56
590,havre-saint-pierre,90,1533690840,100,50.23,-63.6,64.4,64.4,4.7
591,talcahuano,0,1533686400,87,-36.72,-73.12,48.2,48.2,3.36
592,belyy yar,0,1533688200,82,53.6,91.39,55.4,55.4,2.59
593,maetaguse,NaN,NaN,NaN,NaN,NaN,NaN,NaN,NaN
594,petukhovo,44,1533690995,87,55.06,67.89,62.93,62.93,2.71
595,burns lake,0,1533690995,44,54.23,-125.76,73.46,73.46,5.57
596,liberal,1,1533689580,48,37.04,-100.92,86,84.83,6.93
597,broome,80,1533689760,93,52.47,1.45,66.2,65.12,4.7
598,tammisaari,NaN,NaN,NaN,NaN,NaN,NaN,NaN,NaN
599,atambua,0,1533690997,96,-9.11,124.89,77.78,77.78,7.14
600,kenai,1,1533689760,72,60.55,-151.26,69.8,65.37,12.75
601,sao borja,0,1533690997,77,-28.66,-56,61.76,61.76,11.1
602,san vicente,20,1533685800,62,13.64,-88.78,86,85.1,11.41
603,trebnje,8,1533690000,88,45.91,15.01,69.8,67.95,1.77
604,fort dodge,20,1533688500,73,42.5,-94.17,73.4,72.19,14.99
605,whitianga,92,1533691000,98,-36.83,175.7,58.43,58.43,11.05
606,little chute,1,1533689760,88,44.28,-88.32,71.6,69.01,3.71
607,severnoye,20,1533691001,77,54.09,52.54,62.57,62.57,2.82
608,apastepeque,20,1533685800,62,13.67,-88.78,86,85.12,11.41
609,tapaua,NaN,NaN,NaN,NaN,NaN,NaN,NaN,NaN
610,chanika,0,1533691002,95,-12.93,34.19,59.42,59.42,3.33
611,lata,8,1533691002,98,30.78,78.62,55.64,55.64,1.54
612,fayetteville,20,1533690420,94,36.06,-94.16,75.2,73.4,4.7
613,vallenar,20,1533691003,69,-28.58,-70.76,48.17,48.17,2.1
614,coban,76,1533691003,79,15.48,-90.37,74.54,74.54,1.77
615,ous,36,1533691004,88,60.91,61.52,56,56,4.83
616,bairiki,NaN,NaN,NaN,NaN,NaN,NaN,NaN,NaN
617,luena,0,1533691004,42,-11.78,19.91,56,56,5.06
618,pueblo,1,1533689880,48,38.25,-104.61,82.4,73.8,17.22
619,farafangana,0,1533691005,100,-22.82,47.83,71.12,71.12,12.44
620,binabalian,NaN,NaN,NaN,NaN,NaN,NaN,NaN,NaN
621,soc trang,80,1533691006,100,9.6,105.98,73.82,73.82,12.39
622,japura,80,1533691006,97,-0.42,102.29,72.38,72.38,2.71
623,petropavlovsk-kamchatskiy,90,1533688200,87,53.05,158.65,59,59,6.71
624,skibbereen,75,1533688200,100,51.55,-9.27,53.6,53.6,8.05
625,puri,12,1533691008,86,-7.54,112.45,67.25,67.25,5.61
626,glenwood springs,1,1533689760,18,39.55,-107.33,91.4,80.26,4.12
627,okha,0,1533691009,89,53.59,142.95,67.07,67.07,3.89
628,escanaba,1,1533686160,77,45.75,-87.06,66.2,66.2,3.36
629,sahrak,NaN,NaN,NaN,NaN,NaN,NaN,NaN,NaN
630,lisakovsk,36,1533691009,81,52.55,62.49,66.98,66.98,2.82
631,redmond,1,1533689760,37,47.67,-122.12,91.4,87.46,6.93
632,porto murtinho,0,1533691012,63,-21.7,-57.88,74.27,74.27,10.65
633,saint anthony,1,1533686160,12,43.97,-111.68,87.8,84.69,5.82
634,buala,0,1533691013,87,-8.15,159.59,81.65,81.65,6.4
635,linjiang,88,1533691013,97,41.81,126.91,70.76,70.76,3.11
636,pangai,20,1533690000,60,-19.8,-174.35,75.2,75.2,11.41
637,vylgort,NaN,NaN,NaN,NaN,NaN,NaN,NaN,NaN
638,imeni poliny osipenko,64,1533691014,64,52.42,136.49,69.59,69.59,4.83
639,umzimvubu,NaN,NaN,NaN,NaN,NaN,NaN,NaN,NaN
640,bras-panon,20,1533688200,60,-21,55.68,68,68,10.29
641,bozuyuk,40,1533689400,93,39.91,30.04,64.4,63.81,5.82
642,toftir,NaN,NaN,NaN,NaN,NaN,NaN,NaN,NaN
